{
	"id": "b5fa4afa1f9480cf6f850db6fea1474a",
	"_format": "hh-sol-build-info-1",
	"solcVersion": "0.5.17",
	"solcLongVersion": "0.5.17+commit.d19bba13",
	"input": {
		"language": "Solidity",
		"sources": {
			"contracts/Solid.sol": {
				"content": "pragma solidity >=0.5.0 <0.6.0;"
			}
		},
		"settings": {
			"optimizer": {
				"enabled": false,
				"runs": 200
			},
			"outputSelection": {
				"*": {
					"": [
						"ast"
					],
					"*": [
						"abi",
						"metadata",
						"devdoc",
						"userdoc",
						"storageLayout",
						"evm.legacyAssembly",
						"evm.bytecode",
						"evm.deployedBytecode",
						"evm.methodIdentifiers",
						"evm.gasEstimates",
						"evm.assembly"
					]
				}
			}
		}
	},
	"output": {
		"sources": {
			"contracts/Solid.sol": {
				"ast": {
					"absolutePath": "contracts/Solid.sol",
					"exportedSymbols": {},
					"id": 2,
					"nodeType": "SourceUnit",
					"nodes": [
						{
							"id": 1,
							"literals": [
								"solidity",
								">=",
								"0.5",
								".0",
								"<",
								"0.6",
								".0"
							],
							"nodeType": "PragmaDirective",
							"src": "0:31:0"
						}
					],
					"src": "0:31:0"
				},
				"id": 0
			}
		}
	}
}